role,rule_key,audit_fact,audit_condition,separating_cases,raw_audit_rows,note,manifest_sha256
window,R03|missing,raw.col.closed_date.null_like_count,"the audit counts closed_date values that are blank (after trimming spaces, tabs and line breaks) or a missing-value placeholder; R03 missing is a close that is blank after R01, unparseable, or has no created date",created_missing_or_unparseable_with_close 0; close_unparseable_not_null_like 0; close_blank_only_after_r01 0; duplicate_keys 0,197015,"filled: every case that separates the two definitions occurs 0 times on this profile, so the counts correspond here; not the same definition in general",nyc311_2024-09.csv.gz=fbdcd5c0079106936de49f99b8232e2e217cf1c191a5547e6eae037bb05fb3d5;nyc311_2024-10.csv.gz=9d1eb150fc808dc556046786fa1fd56c0dbfc84fa9e4934cc8bcce7f41d4acd6;nyc311_2024-11.csv.gz=094a447a4f3c775b9f318a2bf157a218f396d89e4a5ecb425a74261defad4a48;nyc311_2024-12.csv.gz=8905d8db58b3cb8e84938548457fcfc6f6747e0b42b80a3d7e6534c4fd2661ff;nyc311_2025-01.csv.gz=b789d99313e8387fa0a3ddc1cac09f81d6ba84b8a9ff80d75a81595afd2cf42a;nyc311_2025-02.csv.gz=307c369174f63ee98ecfccd5d657a0f820fb8cd15476c7dd375c814bbb94eefb;nyc311_2025-03.csv.gz=7586c2605ff7d41069d9ad3f28881b73b154222556b4647264033a8bcddf2af1;nyc311_2025-04.csv.gz=7eb06bca0767b57a0ad39fa73ca9bd54f966fabccb80314b3522a2d4010d987f;nyc311_2025-05.csv.gz=4f56a428049b764a9e94360526f53d77fd77ffa0165a80cb9d4681e3b48ea6f3;nyc311_2025-06.csv.gz=9636896c6970b51469ec5abb7f3eb54379296b506a98e80df8b42e2442e5c052;nyc311_2025-07.csv.gz=2005d97c02c23c04208b262f9546afe3a4dca4bdc11fe1d11a7b9c1857515ee7;nyc311_2025-08.csv.gz=a3e2dda9d5ec41e4fa388ebeb5043bec4a41e8bc7396f43c794ff670251cf95b;nyc311_2025-09.csv.gz=da864480828a30fb12a7c4d7ea8e90a84e7dfca801da9e583bedac7e5f292518;nyc311_2025-10.csv.gz=7277866c1f8062af782604d91fbe5b9fc688cf009d3ce3b05cb11156f6ecfb3c;nyc311_2025-11.csv.gz=77eca937c69af8f75fc1972420ac164304786b814b16ddd960fd2b30c3d2f857;nyc311_2025-12.csv.gz=ad13a69763f2b573b7267dc8ad2d3a74b6961eae26e33c2c7d56460bd340008a;nyc311_2026-01.csv.gz=0b1227e22cc1fdae049a52cff2bb7a593d7b2806b63191acc209a052b93a0ea9;nyc311_2026-02.csv.gz=69031df60f79c57bce8cdceab36665031694e843e1d88d0bacf496362b43be05;nyc311_2026-03.csv.gz=a7a03ff5684328e1c0fdf36c408119e654fdea7c5b293862c65f30b94f423dd1;nyc311_2026-04.csv.gz=f6407552d0a73bc374fc9cb634aac035e1dbe1b886b55e0953255a870a0b16d4;nyc311_2026-05.csv.gz=5b88586ca3c98622b7bf8b37c4f3da90a06817f61f0e17524a63dc27b9aa3e63;nyc311_2026-06.csv.gz=027253b9c0108eec5949f1762cf6fbeee9146f793aeeb3b749b0270fc8b31428;nyc311_2026-07.csv.gz=216d0407909aae0fcbdc50b53b8f80be021503b9951019a9ac442dee79f448c5;nyc311_2026-08.csv.gz=20c4d9e9917ddc01fccada39f736cb4b55855251fd11f531ac611110be467a53
window,R13|missing,raw.col.incident_zip.null_like_count,"the audit counts incident_zip values that are blank (after trimming spaces, tabs and line breaks) or a missing-value placeholder; R13 missing is a ZIP that is blank after R01, and R13 puts a placeholder such as N/A under invalid",zip_placeholder 3; zip_blank_only_after_r01 0; duplicate_keys 0,,not filled: a case that separates the two definitions occurs on this profile,nyc311_2024-09.csv.gz=fbdcd5c0079106936de49f99b8232e2e217cf1c191a5547e6eae037bb05fb3d5;nyc311_2024-10.csv.gz=9d1eb150fc808dc556046786fa1fd56c0dbfc84fa9e4934cc8bcce7f41d4acd6;nyc311_2024-11.csv.gz=094a447a4f3c775b9f318a2bf157a218f396d89e4a5ecb425a74261defad4a48;nyc311_2024-12.csv.gz=8905d8db58b3cb8e84938548457fcfc6f6747e0b42b80a3d7e6534c4fd2661ff;nyc311_2025-01.csv.gz=b789d99313e8387fa0a3ddc1cac09f81d6ba84b8a9ff80d75a81595afd2cf42a;nyc311_2025-02.csv.gz=307c369174f63ee98ecfccd5d657a0f820fb8cd15476c7dd375c814bbb94eefb;nyc311_2025-03.csv.gz=7586c2605ff7d41069d9ad3f28881b73b154222556b4647264033a8bcddf2af1;nyc311_2025-04.csv.gz=7eb06bca0767b57a0ad39fa73ca9bd54f966fabccb80314b3522a2d4010d987f;nyc311_2025-05.csv.gz=4f56a428049b764a9e94360526f53d77fd77ffa0165a80cb9d4681e3b48ea6f3;nyc311_2025-06.csv.gz=9636896c6970b51469ec5abb7f3eb54379296b506a98e80df8b42e2442e5c052;nyc311_2025-07.csv.gz=2005d97c02c23c04208b262f9546afe3a4dca4bdc11fe1d11a7b9c1857515ee7;nyc311_2025-08.csv.gz=a3e2dda9d5ec41e4fa388ebeb5043bec4a41e8bc7396f43c794ff670251cf95b;nyc311_2025-09.csv.gz=da864480828a30fb12a7c4d7ea8e90a84e7dfca801da9e583bedac7e5f292518;nyc311_2025-10.csv.gz=7277866c1f8062af782604d91fbe5b9fc688cf009d3ce3b05cb11156f6ecfb3c;nyc311_2025-11.csv.gz=77eca937c69af8f75fc1972420ac164304786b814b16ddd960fd2b30c3d2f857;nyc311_2025-12.csv.gz=ad13a69763f2b573b7267dc8ad2d3a74b6961eae26e33c2c7d56460bd340008a;nyc311_2026-01.csv.gz=0b1227e22cc1fdae049a52cff2bb7a593d7b2806b63191acc209a052b93a0ea9;nyc311_2026-02.csv.gz=69031df60f79c57bce8cdceab36665031694e843e1d88d0bacf496362b43be05;nyc311_2026-03.csv.gz=a7a03ff5684328e1c0fdf36c408119e654fdea7c5b293862c65f30b94f423dd1;nyc311_2026-04.csv.gz=f6407552d0a73bc374fc9cb634aac035e1dbe1b886b55e0953255a870a0b16d4;nyc311_2026-05.csv.gz=5b88586ca3c98622b7bf8b37c4f3da90a06817f61f0e17524a63dc27b9aa3e63;nyc311_2026-06.csv.gz=027253b9c0108eec5949f1762cf6fbeee9146f793aeeb3b749b0270fc8b31428;nyc311_2026-07.csv.gz=216d0407909aae0fcbdc50b53b8f80be021503b9951019a9ac442dee79f448c5;nyc311_2026-08.csv.gz=20c4d9e9917ddc01fccada39f736cb4b55855251fd11f531ac611110be467a53
window,R03|negative,,,,,no counterpart: the audit does not compare the close with the created date,nyc311_2024-09.csv.gz=fbdcd5c0079106936de49f99b8232e2e217cf1c191a5547e6eae037bb05fb3d5;nyc311_2024-10.csv.gz=9d1eb150fc808dc556046786fa1fd56c0dbfc84fa9e4934cc8bcce7f41d4acd6;nyc311_2024-11.csv.gz=094a447a4f3c775b9f318a2bf157a218f396d89e4a5ecb425a74261defad4a48;nyc311_2024-12.csv.gz=8905d8db58b3cb8e84938548457fcfc6f6747e0b42b80a3d7e6534c4fd2661ff;nyc311_2025-01.csv.gz=b789d99313e8387fa0a3ddc1cac09f81d6ba84b8a9ff80d75a81595afd2cf42a;nyc311_2025-02.csv.gz=307c369174f63ee98ecfccd5d657a0f820fb8cd15476c7dd375c814bbb94eefb;nyc311_2025-03.csv.gz=7586c2605ff7d41069d9ad3f28881b73b154222556b4647264033a8bcddf2af1;nyc311_2025-04.csv.gz=7eb06bca0767b57a0ad39fa73ca9bd54f966fabccb80314b3522a2d4010d987f;nyc311_2025-05.csv.gz=4f56a428049b764a9e94360526f53d77fd77ffa0165a80cb9d4681e3b48ea6f3;nyc311_2025-06.csv.gz=9636896c6970b51469ec5abb7f3eb54379296b506a98e80df8b42e2442e5c052;nyc311_2025-07.csv.gz=2005d97c02c23c04208b262f9546afe3a4dca4bdc11fe1d11a7b9c1857515ee7;nyc311_2025-08.csv.gz=a3e2dda9d5ec41e4fa388ebeb5043bec4a41e8bc7396f43c794ff670251cf95b;nyc311_2025-09.csv.gz=da864480828a30fb12a7c4d7ea8e90a84e7dfca801da9e583bedac7e5f292518;nyc311_2025-10.csv.gz=7277866c1f8062af782604d91fbe5b9fc688cf009d3ce3b05cb11156f6ecfb3c;nyc311_2025-11.csv.gz=77eca937c69af8f75fc1972420ac164304786b814b16ddd960fd2b30c3d2f857;nyc311_2025-12.csv.gz=ad13a69763f2b573b7267dc8ad2d3a74b6961eae26e33c2c7d56460bd340008a;nyc311_2026-01.csv.gz=0b1227e22cc1fdae049a52cff2bb7a593d7b2806b63191acc209a052b93a0ea9;nyc311_2026-02.csv.gz=69031df60f79c57bce8cdceab36665031694e843e1d88d0bacf496362b43be05;nyc311_2026-03.csv.gz=a7a03ff5684328e1c0fdf36c408119e654fdea7c5b293862c65f30b94f423dd1;nyc311_2026-04.csv.gz=f6407552d0a73bc374fc9cb634aac035e1dbe1b886b55e0953255a870a0b16d4;nyc311_2026-05.csv.gz=5b88586ca3c98622b7bf8b37c4f3da90a06817f61f0e17524a63dc27b9aa3e63;nyc311_2026-06.csv.gz=027253b9c0108eec5949f1762cf6fbeee9146f793aeeb3b749b0270fc8b31428;nyc311_2026-07.csv.gz=216d0407909aae0fcbdc50b53b8f80be021503b9951019a9ac442dee79f448c5;nyc311_2026-08.csv.gz=20c4d9e9917ddc01fccada39f736cb4b55855251fd11f531ac611110be467a53
window,R03|pre_2020,,,,,no counterpart: the audit does not test close years,nyc311_2024-09.csv.gz=fbdcd5c0079106936de49f99b8232e2e217cf1c191a5547e6eae037bb05fb3d5;nyc311_2024-10.csv.gz=9d1eb150fc808dc556046786fa1fd56c0dbfc84fa9e4934cc8bcce7f41d4acd6;nyc311_2024-11.csv.gz=094a447a4f3c775b9f318a2bf157a218f396d89e4a5ecb425a74261defad4a48;nyc311_2024-12.csv.gz=8905d8db58b3cb8e84938548457fcfc6f6747e0b42b80a3d7e6534c4fd2661ff;nyc311_2025-01.csv.gz=b789d99313e8387fa0a3ddc1cac09f81d6ba84b8a9ff80d75a81595afd2cf42a;nyc311_2025-02.csv.gz=307c369174f63ee98ecfccd5d657a0f820fb8cd15476c7dd375c814bbb94eefb;nyc311_2025-03.csv.gz=7586c2605ff7d41069d9ad3f28881b73b154222556b4647264033a8bcddf2af1;nyc311_2025-04.csv.gz=7eb06bca0767b57a0ad39fa73ca9bd54f966fabccb80314b3522a2d4010d987f;nyc311_2025-05.csv.gz=4f56a428049b764a9e94360526f53d77fd77ffa0165a80cb9d4681e3b48ea6f3;nyc311_2025-06.csv.gz=9636896c6970b51469ec5abb7f3eb54379296b506a98e80df8b42e2442e5c052;nyc311_2025-07.csv.gz=2005d97c02c23c04208b262f9546afe3a4dca4bdc11fe1d11a7b9c1857515ee7;nyc311_2025-08.csv.gz=a3e2dda9d5ec41e4fa388ebeb5043bec4a41e8bc7396f43c794ff670251cf95b;nyc311_2025-09.csv.gz=da864480828a30fb12a7c4d7ea8e90a84e7dfca801da9e583bedac7e5f292518;nyc311_2025-10.csv.gz=7277866c1f8062af782604d91fbe5b9fc688cf009d3ce3b05cb11156f6ecfb3c;nyc311_2025-11.csv.gz=77eca937c69af8f75fc1972420ac164304786b814b16ddd960fd2b30c3d2f857;nyc311_2025-12.csv.gz=ad13a69763f2b573b7267dc8ad2d3a74b6961eae26e33c2c7d56460bd340008a;nyc311_2026-01.csv.gz=0b1227e22cc1fdae049a52cff2bb7a593d7b2806b63191acc209a052b93a0ea9;nyc311_2026-02.csv.gz=69031df60f79c57bce8cdceab36665031694e843e1d88d0bacf496362b43be05;nyc311_2026-03.csv.gz=a7a03ff5684328e1c0fdf36c408119e654fdea7c5b293862c65f30b94f423dd1;nyc311_2026-04.csv.gz=f6407552d0a73bc374fc9cb634aac035e1dbe1b886b55e0953255a870a0b16d4;nyc311_2026-05.csv.gz=5b88586ca3c98622b7bf8b37c4f3da90a06817f61f0e17524a63dc27b9aa3e63;nyc311_2026-06.csv.gz=027253b9c0108eec5949f1762cf6fbeee9146f793aeeb3b749b0270fc8b31428;nyc311_2026-07.csv.gz=216d0407909aae0fcbdc50b53b8f80be021503b9951019a9ac442dee79f448c5;nyc311_2026-08.csv.gz=20c4d9e9917ddc01fccada39f736cb4b55855251fd11f531ac611110be467a53
window,R03|after_as_of,,,,,"no counterpart: the audit's future_dated_rows tests the main date column (created_date) against the run date, not the close against the file's as_of",nyc311_2024-09.csv.gz=fbdcd5c0079106936de49f99b8232e2e217cf1c191a5547e6eae037bb05fb3d5;nyc311_2024-10.csv.gz=9d1eb150fc808dc556046786fa1fd56c0dbfc84fa9e4934cc8bcce7f41d4acd6;nyc311_2024-11.csv.gz=094a447a4f3c775b9f318a2bf157a218f396d89e4a5ecb425a74261defad4a48;nyc311_2024-12.csv.gz=8905d8db58b3cb8e84938548457fcfc6f6747e0b42b80a3d7e6534c4fd2661ff;nyc311_2025-01.csv.gz=b789d99313e8387fa0a3ddc1cac09f81d6ba84b8a9ff80d75a81595afd2cf42a;nyc311_2025-02.csv.gz=307c369174f63ee98ecfccd5d657a0f820fb8cd15476c7dd375c814bbb94eefb;nyc311_2025-03.csv.gz=7586c2605ff7d41069d9ad3f28881b73b154222556b4647264033a8bcddf2af1;nyc311_2025-04.csv.gz=7eb06bca0767b57a0ad39fa73ca9bd54f966fabccb80314b3522a2d4010d987f;nyc311_2025-05.csv.gz=4f56a428049b764a9e94360526f53d77fd77ffa0165a80cb9d4681e3b48ea6f3;nyc311_2025-06.csv.gz=9636896c6970b51469ec5abb7f3eb54379296b506a98e80df8b42e2442e5c052;nyc311_2025-07.csv.gz=2005d97c02c23c04208b262f9546afe3a4dca4bdc11fe1d11a7b9c1857515ee7;nyc311_2025-08.csv.gz=a3e2dda9d5ec41e4fa388ebeb5043bec4a41e8bc7396f43c794ff670251cf95b;nyc311_2025-09.csv.gz=da864480828a30fb12a7c4d7ea8e90a84e7dfca801da9e583bedac7e5f292518;nyc311_2025-10.csv.gz=7277866c1f8062af782604d91fbe5b9fc688cf009d3ce3b05cb11156f6ecfb3c;nyc311_2025-11.csv.gz=77eca937c69af8f75fc1972420ac164304786b814b16ddd960fd2b30c3d2f857;nyc311_2025-12.csv.gz=ad13a69763f2b573b7267dc8ad2d3a74b6961eae26e33c2c7d56460bd340008a;nyc311_2026-01.csv.gz=0b1227e22cc1fdae049a52cff2bb7a593d7b2806b63191acc209a052b93a0ea9;nyc311_2026-02.csv.gz=69031df60f79c57bce8cdceab36665031694e843e1d88d0bacf496362b43be05;nyc311_2026-03.csv.gz=a7a03ff5684328e1c0fdf36c408119e654fdea7c5b293862c65f30b94f423dd1;nyc311_2026-04.csv.gz=f6407552d0a73bc374fc9cb634aac035e1dbe1b886b55e0953255a870a0b16d4;nyc311_2026-05.csv.gz=5b88586ca3c98622b7bf8b37c4f3da90a06817f61f0e17524a63dc27b9aa3e63;nyc311_2026-06.csv.gz=027253b9c0108eec5949f1762cf6fbeee9146f793aeeb3b749b0270fc8b31428;nyc311_2026-07.csv.gz=216d0407909aae0fcbdc50b53b8f80be021503b9951019a9ac442dee79f448c5;nyc311_2026-08.csv.gz=20c4d9e9917ddc01fccada39f736cb4b55855251fd11f531ac611110be467a53
window,R05|zero,,,,,no counterpart: the audit computes no durations,nyc311_2024-09.csv.gz=fbdcd5c0079106936de49f99b8232e2e217cf1c191a5547e6eae037bb05fb3d5;nyc311_2024-10.csv.gz=9d1eb150fc808dc556046786fa1fd56c0dbfc84fa9e4934cc8bcce7f41d4acd6;nyc311_2024-11.csv.gz=094a447a4f3c775b9f318a2bf157a218f396d89e4a5ecb425a74261defad4a48;nyc311_2024-12.csv.gz=8905d8db58b3cb8e84938548457fcfc6f6747e0b42b80a3d7e6534c4fd2661ff;nyc311_2025-01.csv.gz=b789d99313e8387fa0a3ddc1cac09f81d6ba84b8a9ff80d75a81595afd2cf42a;nyc311_2025-02.csv.gz=307c369174f63ee98ecfccd5d657a0f820fb8cd15476c7dd375c814bbb94eefb;nyc311_2025-03.csv.gz=7586c2605ff7d41069d9ad3f28881b73b154222556b4647264033a8bcddf2af1;nyc311_2025-04.csv.gz=7eb06bca0767b57a0ad39fa73ca9bd54f966fabccb80314b3522a2d4010d987f;nyc311_2025-05.csv.gz=4f56a428049b764a9e94360526f53d77fd77ffa0165a80cb9d4681e3b48ea6f3;nyc311_2025-06.csv.gz=9636896c6970b51469ec5abb7f3eb54379296b506a98e80df8b42e2442e5c052;nyc311_2025-07.csv.gz=2005d97c02c23c04208b262f9546afe3a4dca4bdc11fe1d11a7b9c1857515ee7;nyc311_2025-08.csv.gz=a3e2dda9d5ec41e4fa388ebeb5043bec4a41e8bc7396f43c794ff670251cf95b;nyc311_2025-09.csv.gz=da864480828a30fb12a7c4d7ea8e90a84e7dfca801da9e583bedac7e5f292518;nyc311_2025-10.csv.gz=7277866c1f8062af782604d91fbe5b9fc688cf009d3ce3b05cb11156f6ecfb3c;nyc311_2025-11.csv.gz=77eca937c69af8f75fc1972420ac164304786b814b16ddd960fd2b30c3d2f857;nyc311_2025-12.csv.gz=ad13a69763f2b573b7267dc8ad2d3a74b6961eae26e33c2c7d56460bd340008a;nyc311_2026-01.csv.gz=0b1227e22cc1fdae049a52cff2bb7a593d7b2806b63191acc209a052b93a0ea9;nyc311_2026-02.csv.gz=69031df60f79c57bce8cdceab36665031694e843e1d88d0bacf496362b43be05;nyc311_2026-03.csv.gz=a7a03ff5684328e1c0fdf36c408119e654fdea7c5b293862c65f30b94f423dd1;nyc311_2026-04.csv.gz=f6407552d0a73bc374fc9cb634aac035e1dbe1b886b55e0953255a870a0b16d4;nyc311_2026-05.csv.gz=5b88586ca3c98622b7bf8b37c4f3da90a06817f61f0e17524a63dc27b9aa3e63;nyc311_2026-06.csv.gz=027253b9c0108eec5949f1762cf6fbeee9146f793aeeb3b749b0270fc8b31428;nyc311_2026-07.csv.gz=216d0407909aae0fcbdc50b53b8f80be021503b9951019a9ac442dee79f448c5;nyc311_2026-08.csv.gz=20c4d9e9917ddc01fccada39f736cb4b55855251fd11f531ac611110be467a53
window,R05|over_1y,,,,,no counterpart: the audit computes no durations,nyc311_2024-09.csv.gz=fbdcd5c0079106936de49f99b8232e2e217cf1c191a5547e6eae037bb05fb3d5;nyc311_2024-10.csv.gz=9d1eb150fc808dc556046786fa1fd56c0dbfc84fa9e4934cc8bcce7f41d4acd6;nyc311_2024-11.csv.gz=094a447a4f3c775b9f318a2bf157a218f396d89e4a5ecb425a74261defad4a48;nyc311_2024-12.csv.gz=8905d8db58b3cb8e84938548457fcfc6f6747e0b42b80a3d7e6534c4fd2661ff;nyc311_2025-01.csv.gz=b789d99313e8387fa0a3ddc1cac09f81d6ba84b8a9ff80d75a81595afd2cf42a;nyc311_2025-02.csv.gz=307c369174f63ee98ecfccd5d657a0f820fb8cd15476c7dd375c814bbb94eefb;nyc311_2025-03.csv.gz=7586c2605ff7d41069d9ad3f28881b73b154222556b4647264033a8bcddf2af1;nyc311_2025-04.csv.gz=7eb06bca0767b57a0ad39fa73ca9bd54f966fabccb80314b3522a2d4010d987f;nyc311_2025-05.csv.gz=4f56a428049b764a9e94360526f53d77fd77ffa0165a80cb9d4681e3b48ea6f3;nyc311_2025-06.csv.gz=9636896c6970b51469ec5abb7f3eb54379296b506a98e80df8b42e2442e5c052;nyc311_2025-07.csv.gz=2005d97c02c23c04208b262f9546afe3a4dca4bdc11fe1d11a7b9c1857515ee7;nyc311_2025-08.csv.gz=a3e2dda9d5ec41e4fa388ebeb5043bec4a41e8bc7396f43c794ff670251cf95b;nyc311_2025-09.csv.gz=da864480828a30fb12a7c4d7ea8e90a84e7dfca801da9e583bedac7e5f292518;nyc311_2025-10.csv.gz=7277866c1f8062af782604d91fbe5b9fc688cf009d3ce3b05cb11156f6ecfb3c;nyc311_2025-11.csv.gz=77eca937c69af8f75fc1972420ac164304786b814b16ddd960fd2b30c3d2f857;nyc311_2025-12.csv.gz=ad13a69763f2b573b7267dc8ad2d3a74b6961eae26e33c2c7d56460bd340008a;nyc311_2026-01.csv.gz=0b1227e22cc1fdae049a52cff2bb7a593d7b2806b63191acc209a052b93a0ea9;nyc311_2026-02.csv.gz=69031df60f79c57bce8cdceab36665031694e843e1d88d0bacf496362b43be05;nyc311_2026-03.csv.gz=a7a03ff5684328e1c0fdf36c408119e654fdea7c5b293862c65f30b94f423dd1;nyc311_2026-04.csv.gz=f6407552d0a73bc374fc9cb634aac035e1dbe1b886b55e0953255a870a0b16d4;nyc311_2026-05.csv.gz=5b88586ca3c98622b7bf8b37c4f3da90a06817f61f0e17524a63dc27b9aa3e63;nyc311_2026-06.csv.gz=027253b9c0108eec5949f1762cf6fbeee9146f793aeeb3b749b0270fc8b31428;nyc311_2026-07.csv.gz=216d0407909aae0fcbdc50b53b8f80be021503b9951019a9ac442dee79f448c5;nyc311_2026-08.csv.gz=20c4d9e9917ddc01fccada39f736cb4b55855251fd11f531ac611110be467a53
window,R06|day_precision,,,,,no counterpart: the audit does not read times of day,nyc311_2024-09.csv.gz=fbdcd5c0079106936de49f99b8232e2e217cf1c191a5547e6eae037bb05fb3d5;nyc311_2024-10.csv.gz=9d1eb150fc808dc556046786fa1fd56c0dbfc84fa9e4934cc8bcce7f41d4acd6;nyc311_2024-11.csv.gz=094a447a4f3c775b9f318a2bf157a218f396d89e4a5ecb425a74261defad4a48;nyc311_2024-12.csv.gz=8905d8db58b3cb8e84938548457fcfc6f6747e0b42b80a3d7e6534c4fd2661ff;nyc311_2025-01.csv.gz=b789d99313e8387fa0a3ddc1cac09f81d6ba84b8a9ff80d75a81595afd2cf42a;nyc311_2025-02.csv.gz=307c369174f63ee98ecfccd5d657a0f820fb8cd15476c7dd375c814bbb94eefb;nyc311_2025-03.csv.gz=7586c2605ff7d41069d9ad3f28881b73b154222556b4647264033a8bcddf2af1;nyc311_2025-04.csv.gz=7eb06bca0767b57a0ad39fa73ca9bd54f966fabccb80314b3522a2d4010d987f;nyc311_2025-05.csv.gz=4f56a428049b764a9e94360526f53d77fd77ffa0165a80cb9d4681e3b48ea6f3;nyc311_2025-06.csv.gz=9636896c6970b51469ec5abb7f3eb54379296b506a98e80df8b42e2442e5c052;nyc311_2025-07.csv.gz=2005d97c02c23c04208b262f9546afe3a4dca4bdc11fe1d11a7b9c1857515ee7;nyc311_2025-08.csv.gz=a3e2dda9d5ec41e4fa388ebeb5043bec4a41e8bc7396f43c794ff670251cf95b;nyc311_2025-09.csv.gz=da864480828a30fb12a7c4d7ea8e90a84e7dfca801da9e583bedac7e5f292518;nyc311_2025-10.csv.gz=7277866c1f8062af782604d91fbe5b9fc688cf009d3ce3b05cb11156f6ecfb3c;nyc311_2025-11.csv.gz=77eca937c69af8f75fc1972420ac164304786b814b16ddd960fd2b30c3d2f857;nyc311_2025-12.csv.gz=ad13a69763f2b573b7267dc8ad2d3a74b6961eae26e33c2c7d56460bd340008a;nyc311_2026-01.csv.gz=0b1227e22cc1fdae049a52cff2bb7a593d7b2806b63191acc209a052b93a0ea9;nyc311_2026-02.csv.gz=69031df60f79c57bce8cdceab36665031694e843e1d88d0bacf496362b43be05;nyc311_2026-03.csv.gz=a7a03ff5684328e1c0fdf36c408119e654fdea7c5b293862c65f30b94f423dd1;nyc311_2026-04.csv.gz=f6407552d0a73bc374fc9cb634aac035e1dbe1b886b55e0953255a870a0b16d4;nyc311_2026-05.csv.gz=5b88586ca3c98622b7bf8b37c4f3da90a06817f61f0e17524a63dc27b9aa3e63;nyc311_2026-06.csv.gz=027253b9c0108eec5949f1762cf6fbeee9146f793aeeb3b749b0270fc8b31428;nyc311_2026-07.csv.gz=216d0407909aae0fcbdc50b53b8f80be021503b9951019a9ac442dee79f448c5;nyc311_2026-08.csv.gz=20c4d9e9917ddc01fccada39f736cb4b55855251fd11f531ac611110be467a53
window,R07|status_conflict,,,,,"related, not the same: R07 counts status Closed with no VALID close (empty, unparseable or invalid); the audit's null_like_where.status fact counts Closed rows with an EMPTY close (16,149)",nyc311_2024-09.csv.gz=fbdcd5c0079106936de49f99b8232e2e217cf1c191a5547e6eae037bb05fb3d5;nyc311_2024-10.csv.gz=9d1eb150fc808dc556046786fa1fd56c0dbfc84fa9e4934cc8bcce7f41d4acd6;nyc311_2024-11.csv.gz=094a447a4f3c775b9f318a2bf157a218f396d89e4a5ecb425a74261defad4a48;nyc311_2024-12.csv.gz=8905d8db58b3cb8e84938548457fcfc6f6747e0b42b80a3d7e6534c4fd2661ff;nyc311_2025-01.csv.gz=b789d99313e8387fa0a3ddc1cac09f81d6ba84b8a9ff80d75a81595afd2cf42a;nyc311_2025-02.csv.gz=307c369174f63ee98ecfccd5d657a0f820fb8cd15476c7dd375c814bbb94eefb;nyc311_2025-03.csv.gz=7586c2605ff7d41069d9ad3f28881b73b154222556b4647264033a8bcddf2af1;nyc311_2025-04.csv.gz=7eb06bca0767b57a0ad39fa73ca9bd54f966fabccb80314b3522a2d4010d987f;nyc311_2025-05.csv.gz=4f56a428049b764a9e94360526f53d77fd77ffa0165a80cb9d4681e3b48ea6f3;nyc311_2025-06.csv.gz=9636896c6970b51469ec5abb7f3eb54379296b506a98e80df8b42e2442e5c052;nyc311_2025-07.csv.gz=2005d97c02c23c04208b262f9546afe3a4dca4bdc11fe1d11a7b9c1857515ee7;nyc311_2025-08.csv.gz=a3e2dda9d5ec41e4fa388ebeb5043bec4a41e8bc7396f43c794ff670251cf95b;nyc311_2025-09.csv.gz=da864480828a30fb12a7c4d7ea8e90a84e7dfca801da9e583bedac7e5f292518;nyc311_2025-10.csv.gz=7277866c1f8062af782604d91fbe5b9fc688cf009d3ce3b05cb11156f6ecfb3c;nyc311_2025-11.csv.gz=77eca937c69af8f75fc1972420ac164304786b814b16ddd960fd2b30c3d2f857;nyc311_2025-12.csv.gz=ad13a69763f2b573b7267dc8ad2d3a74b6961eae26e33c2c7d56460bd340008a;nyc311_2026-01.csv.gz=0b1227e22cc1fdae049a52cff2bb7a593d7b2806b63191acc209a052b93a0ea9;nyc311_2026-02.csv.gz=69031df60f79c57bce8cdceab36665031694e843e1d88d0bacf496362b43be05;nyc311_2026-03.csv.gz=a7a03ff5684328e1c0fdf36c408119e654fdea7c5b293862c65f30b94f423dd1;nyc311_2026-04.csv.gz=f6407552d0a73bc374fc9cb634aac035e1dbe1b886b55e0953255a870a0b16d4;nyc311_2026-05.csv.gz=5b88586ca3c98622b7bf8b37c4f3da90a06817f61f0e17524a63dc27b9aa3e63;nyc311_2026-06.csv.gz=027253b9c0108eec5949f1762cf6fbeee9146f793aeeb3b749b0270fc8b31428;nyc311_2026-07.csv.gz=216d0407909aae0fcbdc50b53b8f80be021503b9951019a9ac442dee79f448c5;nyc311_2026-08.csv.gz=20c4d9e9917ddc01fccada39f736cb4b55855251fd11f531ac611110be467a53
window,R12|unknown,,,,,"no counterpart: 'Unspecified' is a real value to the audit (NorthLedger keeps it, like 'unknown'); its borough casing check tests letter case, not membership",nyc311_2024-09.csv.gz=fbdcd5c0079106936de49f99b8232e2e217cf1c191a5547e6eae037bb05fb3d5;nyc311_2024-10.csv.gz=9d1eb150fc808dc556046786fa1fd56c0dbfc84fa9e4934cc8bcce7f41d4acd6;nyc311_2024-11.csv.gz=094a447a4f3c775b9f318a2bf157a218f396d89e4a5ecb425a74261defad4a48;nyc311_2024-12.csv.gz=8905d8db58b3cb8e84938548457fcfc6f6747e0b42b80a3d7e6534c4fd2661ff;nyc311_2025-01.csv.gz=b789d99313e8387fa0a3ddc1cac09f81d6ba84b8a9ff80d75a81595afd2cf42a;nyc311_2025-02.csv.gz=307c369174f63ee98ecfccd5d657a0f820fb8cd15476c7dd375c814bbb94eefb;nyc311_2025-03.csv.gz=7586c2605ff7d41069d9ad3f28881b73b154222556b4647264033a8bcddf2af1;nyc311_2025-04.csv.gz=7eb06bca0767b57a0ad39fa73ca9bd54f966fabccb80314b3522a2d4010d987f;nyc311_2025-05.csv.gz=4f56a428049b764a9e94360526f53d77fd77ffa0165a80cb9d4681e3b48ea6f3;nyc311_2025-06.csv.gz=9636896c6970b51469ec5abb7f3eb54379296b506a98e80df8b42e2442e5c052;nyc311_2025-07.csv.gz=2005d97c02c23c04208b262f9546afe3a4dca4bdc11fe1d11a7b9c1857515ee7;nyc311_2025-08.csv.gz=a3e2dda9d5ec41e4fa388ebeb5043bec4a41e8bc7396f43c794ff670251cf95b;nyc311_2025-09.csv.gz=da864480828a30fb12a7c4d7ea8e90a84e7dfca801da9e583bedac7e5f292518;nyc311_2025-10.csv.gz=7277866c1f8062af782604d91fbe5b9fc688cf009d3ce3b05cb11156f6ecfb3c;nyc311_2025-11.csv.gz=77eca937c69af8f75fc1972420ac164304786b814b16ddd960fd2b30c3d2f857;nyc311_2025-12.csv.gz=ad13a69763f2b573b7267dc8ad2d3a74b6961eae26e33c2c7d56460bd340008a;nyc311_2026-01.csv.gz=0b1227e22cc1fdae049a52cff2bb7a593d7b2806b63191acc209a052b93a0ea9;nyc311_2026-02.csv.gz=69031df60f79c57bce8cdceab36665031694e843e1d88d0bacf496362b43be05;nyc311_2026-03.csv.gz=a7a03ff5684328e1c0fdf36c408119e654fdea7c5b293862c65f30b94f423dd1;nyc311_2026-04.csv.gz=f6407552d0a73bc374fc9cb634aac035e1dbe1b886b55e0953255a870a0b16d4;nyc311_2026-05.csv.gz=5b88586ca3c98622b7bf8b37c4f3da90a06817f61f0e17524a63dc27b9aa3e63;nyc311_2026-06.csv.gz=027253b9c0108eec5949f1762cf6fbeee9146f793aeeb3b749b0270fc8b31428;nyc311_2026-07.csv.gz=216d0407909aae0fcbdc50b53b8f80be021503b9951019a9ac442dee79f448c5;nyc311_2026-08.csv.gz=20c4d9e9917ddc01fccada39f736cb4b55855251fd11f531ac611110be467a53
window,R13|invalid,,,,,no counterpart: the audit does not test ZIP shape or range,nyc311_2024-09.csv.gz=fbdcd5c0079106936de49f99b8232e2e217cf1c191a5547e6eae037bb05fb3d5;nyc311_2024-10.csv.gz=9d1eb150fc808dc556046786fa1fd56c0dbfc84fa9e4934cc8bcce7f41d4acd6;nyc311_2024-11.csv.gz=094a447a4f3c775b9f318a2bf157a218f396d89e4a5ecb425a74261defad4a48;nyc311_2024-12.csv.gz=8905d8db58b3cb8e84938548457fcfc6f6747e0b42b80a3d7e6534c4fd2661ff;nyc311_2025-01.csv.gz=b789d99313e8387fa0a3ddc1cac09f81d6ba84b8a9ff80d75a81595afd2cf42a;nyc311_2025-02.csv.gz=307c369174f63ee98ecfccd5d657a0f820fb8cd15476c7dd375c814bbb94eefb;nyc311_2025-03.csv.gz=7586c2605ff7d41069d9ad3f28881b73b154222556b4647264033a8bcddf2af1;nyc311_2025-04.csv.gz=7eb06bca0767b57a0ad39fa73ca9bd54f966fabccb80314b3522a2d4010d987f;nyc311_2025-05.csv.gz=4f56a428049b764a9e94360526f53d77fd77ffa0165a80cb9d4681e3b48ea6f3;nyc311_2025-06.csv.gz=9636896c6970b51469ec5abb7f3eb54379296b506a98e80df8b42e2442e5c052;nyc311_2025-07.csv.gz=2005d97c02c23c04208b262f9546afe3a4dca4bdc11fe1d11a7b9c1857515ee7;nyc311_2025-08.csv.gz=a3e2dda9d5ec41e4fa388ebeb5043bec4a41e8bc7396f43c794ff670251cf95b;nyc311_2025-09.csv.gz=da864480828a30fb12a7c4d7ea8e90a84e7dfca801da9e583bedac7e5f292518;nyc311_2025-10.csv.gz=7277866c1f8062af782604d91fbe5b9fc688cf009d3ce3b05cb11156f6ecfb3c;nyc311_2025-11.csv.gz=77eca937c69af8f75fc1972420ac164304786b814b16ddd960fd2b30c3d2f857;nyc311_2025-12.csv.gz=ad13a69763f2b573b7267dc8ad2d3a74b6961eae26e33c2c7d56460bd340008a;nyc311_2026-01.csv.gz=0b1227e22cc1fdae049a52cff2bb7a593d7b2806b63191acc209a052b93a0ea9;nyc311_2026-02.csv.gz=69031df60f79c57bce8cdceab36665031694e843e1d88d0bacf496362b43be05;nyc311_2026-03.csv.gz=a7a03ff5684328e1c0fdf36c408119e654fdea7c5b293862c65f30b94f423dd1;nyc311_2026-04.csv.gz=f6407552d0a73bc374fc9cb634aac035e1dbe1b886b55e0953255a870a0b16d4;nyc311_2026-05.csv.gz=5b88586ca3c98622b7bf8b37c4f3da90a06817f61f0e17524a63dc27b9aa3e63;nyc311_2026-06.csv.gz=027253b9c0108eec5949f1762cf6fbeee9146f793aeeb3b749b0270fc8b31428;nyc311_2026-07.csv.gz=216d0407909aae0fcbdc50b53b8f80be021503b9951019a9ac442dee79f448c5;nyc311_2026-08.csv.gz=20c4d9e9917ddc01fccada39f736cb4b55855251fd11f531ac611110be467a53
window,R18|open_invalid_close,,,,,"no counterpart: the audit relates status only to whether the close is empty (gaps_follow.status), never to whether a present close is valid",nyc311_2024-09.csv.gz=fbdcd5c0079106936de49f99b8232e2e217cf1c191a5547e6eae037bb05fb3d5;nyc311_2024-10.csv.gz=9d1eb150fc808dc556046786fa1fd56c0dbfc84fa9e4934cc8bcce7f41d4acd6;nyc311_2024-11.csv.gz=094a447a4f3c775b9f318a2bf157a218f396d89e4a5ecb425a74261defad4a48;nyc311_2024-12.csv.gz=8905d8db58b3cb8e84938548457fcfc6f6747e0b42b80a3d7e6534c4fd2661ff;nyc311_2025-01.csv.gz=b789d99313e8387fa0a3ddc1cac09f81d6ba84b8a9ff80d75a81595afd2cf42a;nyc311_2025-02.csv.gz=307c369174f63ee98ecfccd5d657a0f820fb8cd15476c7dd375c814bbb94eefb;nyc311_2025-03.csv.gz=7586c2605ff7d41069d9ad3f28881b73b154222556b4647264033a8bcddf2af1;nyc311_2025-04.csv.gz=7eb06bca0767b57a0ad39fa73ca9bd54f966fabccb80314b3522a2d4010d987f;nyc311_2025-05.csv.gz=4f56a428049b764a9e94360526f53d77fd77ffa0165a80cb9d4681e3b48ea6f3;nyc311_2025-06.csv.gz=9636896c6970b51469ec5abb7f3eb54379296b506a98e80df8b42e2442e5c052;nyc311_2025-07.csv.gz=2005d97c02c23c04208b262f9546afe3a4dca4bdc11fe1d11a7b9c1857515ee7;nyc311_2025-08.csv.gz=a3e2dda9d5ec41e4fa388ebeb5043bec4a41e8bc7396f43c794ff670251cf95b;nyc311_2025-09.csv.gz=da864480828a30fb12a7c4d7ea8e90a84e7dfca801da9e583bedac7e5f292518;nyc311_2025-10.csv.gz=7277866c1f8062af782604d91fbe5b9fc688cf009d3ce3b05cb11156f6ecfb3c;nyc311_2025-11.csv.gz=77eca937c69af8f75fc1972420ac164304786b814b16ddd960fd2b30c3d2f857;nyc311_2025-12.csv.gz=ad13a69763f2b573b7267dc8ad2d3a74b6961eae26e33c2c7d56460bd340008a;nyc311_2026-01.csv.gz=0b1227e22cc1fdae049a52cff2bb7a593d7b2806b63191acc209a052b93a0ea9;nyc311_2026-02.csv.gz=69031df60f79c57bce8cdceab36665031694e843e1d88d0bacf496362b43be05;nyc311_2026-03.csv.gz=a7a03ff5684328e1c0fdf36c408119e654fdea7c5b293862c65f30b94f423dd1;nyc311_2026-04.csv.gz=f6407552d0a73bc374fc9cb634aac035e1dbe1b886b55e0953255a870a0b16d4;nyc311_2026-05.csv.gz=5b88586ca3c98622b7bf8b37c4f3da90a06817f61f0e17524a63dc27b9aa3e63;nyc311_2026-06.csv.gz=027253b9c0108eec5949f1762cf6fbeee9146f793aeeb3b749b0270fc8b31428;nyc311_2026-07.csv.gz=216d0407909aae0fcbdc50b53b8f80be021503b9951019a9ac442dee79f448c5;nyc311_2026-08.csv.gz=20c4d9e9917ddc01fccada39f736cb4b55855251fd11f531ac611110be467a53
window,R02|created_unparseable,,,,,"no counterpart: the audit's date checks count values outside a column's dominant format, not values that fail the US 12-hour pattern",nyc311_2024-09.csv.gz=fbdcd5c0079106936de49f99b8232e2e217cf1c191a5547e6eae037bb05fb3d5;nyc311_2024-10.csv.gz=9d1eb150fc808dc556046786fa1fd56c0dbfc84fa9e4934cc8bcce7f41d4acd6;nyc311_2024-11.csv.gz=094a447a4f3c775b9f318a2bf157a218f396d89e4a5ecb425a74261defad4a48;nyc311_2024-12.csv.gz=8905d8db58b3cb8e84938548457fcfc6f6747e0b42b80a3d7e6534c4fd2661ff;nyc311_2025-01.csv.gz=b789d99313e8387fa0a3ddc1cac09f81d6ba84b8a9ff80d75a81595afd2cf42a;nyc311_2025-02.csv.gz=307c369174f63ee98ecfccd5d657a0f820fb8cd15476c7dd375c814bbb94eefb;nyc311_2025-03.csv.gz=7586c2605ff7d41069d9ad3f28881b73b154222556b4647264033a8bcddf2af1;nyc311_2025-04.csv.gz=7eb06bca0767b57a0ad39fa73ca9bd54f966fabccb80314b3522a2d4010d987f;nyc311_2025-05.csv.gz=4f56a428049b764a9e94360526f53d77fd77ffa0165a80cb9d4681e3b48ea6f3;nyc311_2025-06.csv.gz=9636896c6970b51469ec5abb7f3eb54379296b506a98e80df8b42e2442e5c052;nyc311_2025-07.csv.gz=2005d97c02c23c04208b262f9546afe3a4dca4bdc11fe1d11a7b9c1857515ee7;nyc311_2025-08.csv.gz=a3e2dda9d5ec41e4fa388ebeb5043bec4a41e8bc7396f43c794ff670251cf95b;nyc311_2025-09.csv.gz=da864480828a30fb12a7c4d7ea8e90a84e7dfca801da9e583bedac7e5f292518;nyc311_2025-10.csv.gz=7277866c1f8062af782604d91fbe5b9fc688cf009d3ce3b05cb11156f6ecfb3c;nyc311_2025-11.csv.gz=77eca937c69af8f75fc1972420ac164304786b814b16ddd960fd2b30c3d2f857;nyc311_2025-12.csv.gz=ad13a69763f2b573b7267dc8ad2d3a74b6961eae26e33c2c7d56460bd340008a;nyc311_2026-01.csv.gz=0b1227e22cc1fdae049a52cff2bb7a593d7b2806b63191acc209a052b93a0ea9;nyc311_2026-02.csv.gz=69031df60f79c57bce8cdceab36665031694e843e1d88d0bacf496362b43be05;nyc311_2026-03.csv.gz=a7a03ff5684328e1c0fdf36c408119e654fdea7c5b293862c65f30b94f423dd1;nyc311_2026-04.csv.gz=f6407552d0a73bc374fc9cb634aac035e1dbe1b886b55e0953255a870a0b16d4;nyc311_2026-05.csv.gz=5b88586ca3c98622b7bf8b37c4f3da90a06817f61f0e17524a63dc27b9aa3e63;nyc311_2026-06.csv.gz=027253b9c0108eec5949f1762cf6fbeee9146f793aeeb3b749b0270fc8b31428;nyc311_2026-07.csv.gz=216d0407909aae0fcbdc50b53b8f80be021503b9951019a9ac442dee79f448c5;nyc311_2026-08.csv.gz=20c4d9e9917ddc01fccada39f736cb4b55855251fd11f531ac611110be467a53
window,R02|closed_unparseable,,,,,"no counterpart: the audit's date checks count values outside a column's dominant format, not values that fail the US 12-hour pattern",nyc311_2024-09.csv.gz=fbdcd5c0079106936de49f99b8232e2e217cf1c191a5547e6eae037bb05fb3d5;nyc311_2024-10.csv.gz=9d1eb150fc808dc556046786fa1fd56c0dbfc84fa9e4934cc8bcce7f41d4acd6;nyc311_2024-11.csv.gz=094a447a4f3c775b9f318a2bf157a218f396d89e4a5ecb425a74261defad4a48;nyc311_2024-12.csv.gz=8905d8db58b3cb8e84938548457fcfc6f6747e0b42b80a3d7e6534c4fd2661ff;nyc311_2025-01.csv.gz=b789d99313e8387fa0a3ddc1cac09f81d6ba84b8a9ff80d75a81595afd2cf42a;nyc311_2025-02.csv.gz=307c369174f63ee98ecfccd5d657a0f820fb8cd15476c7dd375c814bbb94eefb;nyc311_2025-03.csv.gz=7586c2605ff7d41069d9ad3f28881b73b154222556b4647264033a8bcddf2af1;nyc311_2025-04.csv.gz=7eb06bca0767b57a0ad39fa73ca9bd54f966fabccb80314b3522a2d4010d987f;nyc311_2025-05.csv.gz=4f56a428049b764a9e94360526f53d77fd77ffa0165a80cb9d4681e3b48ea6f3;nyc311_2025-06.csv.gz=9636896c6970b51469ec5abb7f3eb54379296b506a98e80df8b42e2442e5c052;nyc311_2025-07.csv.gz=2005d97c02c23c04208b262f9546afe3a4dca4bdc11fe1d11a7b9c1857515ee7;nyc311_2025-08.csv.gz=a3e2dda9d5ec41e4fa388ebeb5043bec4a41e8bc7396f43c794ff670251cf95b;nyc311_2025-09.csv.gz=da864480828a30fb12a7c4d7ea8e90a84e7dfca801da9e583bedac7e5f292518;nyc311_2025-10.csv.gz=7277866c1f8062af782604d91fbe5b9fc688cf009d3ce3b05cb11156f6ecfb3c;nyc311_2025-11.csv.gz=77eca937c69af8f75fc1972420ac164304786b814b16ddd960fd2b30c3d2f857;nyc311_2025-12.csv.gz=ad13a69763f2b573b7267dc8ad2d3a74b6961eae26e33c2c7d56460bd340008a;nyc311_2026-01.csv.gz=0b1227e22cc1fdae049a52cff2bb7a593d7b2806b63191acc209a052b93a0ea9;nyc311_2026-02.csv.gz=69031df60f79c57bce8cdceab36665031694e843e1d88d0bacf496362b43be05;nyc311_2026-03.csv.gz=a7a03ff5684328e1c0fdf36c408119e654fdea7c5b293862c65f30b94f423dd1;nyc311_2026-04.csv.gz=f6407552d0a73bc374fc9cb634aac035e1dbe1b886b55e0953255a870a0b16d4;nyc311_2026-05.csv.gz=5b88586ca3c98622b7bf8b37c4f3da90a06817f61f0e17524a63dc27b9aa3e63;nyc311_2026-06.csv.gz=027253b9c0108eec5949f1762cf6fbeee9146f793aeeb3b749b0270fc8b31428;nyc311_2026-07.csv.gz=216d0407909aae0fcbdc50b53b8f80be021503b9951019a9ac442dee79f448c5;nyc311_2026-08.csv.gz=20c4d9e9917ddc01fccada39f736cb4b55855251fd11f531ac611110be467a53
carryin,R03|missing,raw.col.closed_date.null_like_count,"the audit counts closed_date values that are blank (after trimming spaces, tabs and line breaks) or a missing-value placeholder; R03 missing is a close that is blank after R01, unparseable, or has no created date",created_missing_or_unparseable_with_close 0; close_unparseable_not_null_like 0; close_blank_only_after_r01 0; duplicate_keys 0,71716,"filled: every case that separates the two definitions occurs 0 times on this profile, so the counts correspond here; not the same definition in general",nyc311_carryin.csv.gz=3e979ff52df7630aa489ee327ac42ac3f77c44e28cd15ab43ce714c5aa5f2864
carryin,R13|missing,raw.col.incident_zip.null_like_count,"the audit counts incident_zip values that are blank (after trimming spaces, tabs and line breaks) or a missing-value placeholder; R13 missing is a ZIP that is blank after R01, and R13 puts a placeholder such as N/A under invalid",zip_placeholder 0; zip_blank_only_after_r01 0; duplicate_keys 0,11128,"filled: every case that separates the two definitions occurs 0 times on this profile, so the counts correspond here; not the same definition in general",nyc311_carryin.csv.gz=3e979ff52df7630aa489ee327ac42ac3f77c44e28cd15ab43ce714c5aa5f2864
carryin,R03|negative,,,,,no counterpart: the audit does not compare the close with the created date,nyc311_carryin.csv.gz=3e979ff52df7630aa489ee327ac42ac3f77c44e28cd15ab43ce714c5aa5f2864
carryin,R03|pre_2020,,,,,no counterpart: the audit does not test close years,nyc311_carryin.csv.gz=3e979ff52df7630aa489ee327ac42ac3f77c44e28cd15ab43ce714c5aa5f2864
carryin,R03|after_as_of,,,,,"no counterpart: the audit's future_dated_rows tests the main date column (created_date) against the run date, not the close against the file's as_of",nyc311_carryin.csv.gz=3e979ff52df7630aa489ee327ac42ac3f77c44e28cd15ab43ce714c5aa5f2864
carryin,R05|zero,,,,,no counterpart: the audit computes no durations,nyc311_carryin.csv.gz=3e979ff52df7630aa489ee327ac42ac3f77c44e28cd15ab43ce714c5aa5f2864
carryin,R05|over_1y,,,,,no counterpart: the audit computes no durations,nyc311_carryin.csv.gz=3e979ff52df7630aa489ee327ac42ac3f77c44e28cd15ab43ce714c5aa5f2864
carryin,R06|day_precision,,,,,no counterpart: the audit does not read times of day,nyc311_carryin.csv.gz=3e979ff52df7630aa489ee327ac42ac3f77c44e28cd15ab43ce714c5aa5f2864
carryin,R07|status_conflict,,,,,"related, not the same: R07 counts status Closed with no VALID close (empty, unparseable or invalid); the audit emits no Closed-with-empty-close fact for this role: its gaps_follow test reports only when at most 1% of Closed rows lack a close, and here 29,738 of 158,377 do",nyc311_carryin.csv.gz=3e979ff52df7630aa489ee327ac42ac3f77c44e28cd15ab43ce714c5aa5f2864
carryin,R12|unknown,,,,,"no counterpart: 'Unspecified' is a real value to the audit (NorthLedger keeps it, like 'unknown'); its borough casing check tests letter case, not membership",nyc311_carryin.csv.gz=3e979ff52df7630aa489ee327ac42ac3f77c44e28cd15ab43ce714c5aa5f2864
carryin,R13|invalid,,,,,no counterpart: the audit does not test ZIP shape or range,nyc311_carryin.csv.gz=3e979ff52df7630aa489ee327ac42ac3f77c44e28cd15ab43ce714c5aa5f2864
carryin,R18|open_invalid_close,,,,,"no counterpart: the audit relates status only to whether the close is empty (gaps_follow.status), never to whether a present close is valid",nyc311_carryin.csv.gz=3e979ff52df7630aa489ee327ac42ac3f77c44e28cd15ab43ce714c5aa5f2864
carryin,R02|created_unparseable,,,,,"no counterpart: the audit's date checks count values outside a column's dominant format, not values that fail the US 12-hour pattern",nyc311_carryin.csv.gz=3e979ff52df7630aa489ee327ac42ac3f77c44e28cd15ab43ce714c5aa5f2864
carryin,R02|closed_unparseable,,,,,"no counterpart: the audit's date checks count values outside a column's dominant format, not values that fail the US 12-hour pattern",nyc311_carryin.csv.gz=3e979ff52df7630aa489ee327ac42ac3f77c44e28cd15ab43ce714c5aa5f2864
